{"v":"5.6.5","fr":60,"ip":0,"op":60,"w":93,"h":85,"nm":"ç»æ¿","ddd":0,"assets":[],"layers":[{"ddd":0,"ind":1,"ty":4,"nm":"wifi_signal1","sr":1,"ks":{"o":{"a":0,"k":100,"ix":11},"r":{"a":0,"k":0,"ix":10},"p":{"a":0,"k":[47,65.288,0],"ix":2},"a":{"a":0,"k":[0,0,0],"ix":1},"s":{"a":1,"k":[{"i":{"x":[0.16,0.16,0.16],"y":[1,1,1]},"o":{"x":[0.84,0.84,0.84],"y":[0,0,0]},"t":0,"s":[0,0,100]},{"t":15,"s":[100,100,100]}],"ix":6}},"ao":0,"shapes":[{"ty":"gr","it":[{"d":1,"ty":"el","s":{"a":0,"k":[3.424,3.424],"ix":2},"p":{"a":0,"k":[0,0],"ix":3},"nm":"æ¤­åè·¯å¾ 1","mn":"ADBE Vector Shape - Ellipse","hd":false},{"ty":"fl","c":{"a":0,"k":[0.278430998325,0.686275005341,0.909803986549,1],"ix":4},"o":{"a":0,"k":100,"ix":5},"r":1,"bm":0,"nm":"å¡«å 1","mn":"ADBE Vector Graphic - Fill","hd":false},{"ty":"tr","p":{"a":0,"k":[0,0],"ix":2},"a":{"a":0,"k":[0,0],"ix":1},"s":{"a":0,"k":[300,300],"ix":3},"r":{"a":0,"k":0,"ix":6},"o":{"a":0,"k":100,"ix":7},"sk":{"a":0,"k":0,"ix":4},"sa":{"a":0,"k":0,"ix":5},"nm":"åæ¢"}],"nm":"wifi_signal1","np":2,"cix":2,"bm":0,"ix":1,"mn":"ADBE Vector Group","hd":false}],"ip":0,"op":60,"st":0,"bm":0},{"ddd":0,"ind":2,"ty":4,"nm":"wifi_signal2","sr":1,"ks":{"o":{"a":0,"k":100,"ix":11},"r":{"a":0,"k":0,"ix":10},"p":{"a":0,"k":[46.993,51.854,0],"ix":2},"a":{"a":0,"k":[0,0,0],"ix":1},"s":{"a":1,"k":[{"i":{"x":[0.16,0.16,0.16],"y":[1,1,1]},"o":{"x":[0.84,0.84,0.84],"y":[0,0,0]},"t":15,"s":[0,0,100]},{"t":30,"s":[100,100,100]}],"ix":6}},"ao":0,"shapes":[{"ty":"gr","it":[{"ind":0,"ty":"sh","ix":1,"ks":{"a":0,"k":{"i":[[2.55,-2.55],[-0.51,-0.5],[-0.5,0.5],[-1.55,-1.55],[-0.32,0],[-0.25,0.25],[0.5,0.5]],"o":[[-0.51,0.5],[0.5,0.5],[1.55,-1.55],[0.25,0.25],[0.33,0],[0.5,-0.5],[-2.54,-2.56]],"v":[[-4.618,-0.145],[-4.618,1.675],[-2.808,1.675],[2.812,1.675],[3.712,2.055],[4.622,1.675],[4.622,-0.135]],"c":true},"ix":2},"nm":"è·¯å¾ 1","mn":"ADBE Vector Shape - Group","hd":false},{"ty":"fl","c":{"a":0,"k":[0.278430998325,0.686275005341,0.909803986549,1],"ix":4},"o":{"a":0,"k":100,"ix":5},"r":1,"bm":0,"nm":"å¡«å 1","mn":"ADBE Vector Graphic - Fill","hd":false},{"ty":"tr","p":{"a":0,"k":[0,0],"ix":2},"a":{"a":0,"k":[0,0],"ix":1},"s":{"a":0,"k":[300,300],"ix":3},"r":{"a":0,"k":0,"ix":6},"o":{"a":0,"k":100,"ix":7},"sk":{"a":0,"k":0,"ix":4},"sa":{"a":0,"k":0,"ix":5},"nm":"åæ¢"}],"nm":"wifi_signal2","np":2,"cix":2,"bm":0,"ix":1,"mn":"ADBE Vector Group","hd":false}],"ip":0,"op":60,"st":0,"bm":0},{"ddd":0,"ind":3,"ty":4,"nm":"wifi_signal3","sr":1,"ks":{"o":{"a":0,"k":100,"ix":11},"r":{"a":0,"k":0,"ix":10},"p":{"a":0,"k":[47,39.277,0],"ix":2},"a":{"a":0,"k":[0,0,0],"ix":1},"s":{"a":1,"k":[{"i":{"x":[0.16,0.16,0.16],"y":[1,1,1]},"o":{"x":[0.84,0.84,0.84],"y":[0,0,0]},"t":30,"s":[0,0,100]},{"t":45,"s":[100,100,100]}],"ix":6}},"ao":0,"shapes":[{"ty":"gr","it":[{"ind":0,"ty":"sh","ix":1,"ks":{"a":0,"k":{"i":[[4.46,-4.47],[-0.51,-0.5],[-0.5,0.5],[-3.47,-3.46],[-0.32,0],[-0.25,0.25],[0.5,0.51]],"o":[[-0.51,0.5],[0.5,0.5],[3.47,-3.46],[0.25,0.25],[0.33,0],[0.5,-0.5],[-4.46,-4.47]],"v":[[-8.093,0.576],[-8.093,2.396],[-6.283,2.396],[6.287,2.396],[7.187,2.776],[8.097,2.396],[8.097,0.576]],"c":true},"ix":2},"nm":"è·¯å¾ 1","mn":"ADBE Vector Shape - Group","hd":false},{"ty":"fl","c":{"a":0,"k":[0.278430998325,0.686275005341,0.909803986549,1],"ix":4},"o":{"a":0,"k":100,"ix":5},"r":1,"bm":0,"nm":"å¡«å 1","mn":"ADBE Vector Graphic - Fill","hd":false},{"ty":"tr","p":{"a":0,"k":[0,0],"ix":2},"a":{"a":0,"k":[0,0],"ix":1},"s":{"a":0,"k":[300,300],"ix":3},"r":{"a":0,"k":0,"ix":6},"o":{"a":0,"k":100,"ix":7},"sk":{"a":0,"k":0,"ix":4},"sa":{"a":0,"k":0,"ix":5},"nm":"åæ¢"}],"nm":"wifi_signal3","np":2,"cix":2,"bm":0,"ix":1,"mn":"ADBE Vector Group","hd":false}],"ip":0,"op":60,"st":0,"bm":0},{"ddd":0,"ind":4,"ty":4,"nm":"wifi_signal1_4","sr":1,"ks":{"o":{"a":0,"k":100,"ix":11},"r":{"a":0,"k":0,"ix":10},"p":{"a":0,"k":[47,26.503,0],"ix":2},"a":{"a":0,"k":[0,0,0],"ix":1},"s":{"a":1,"k":[{"i":{"x":[0.16,0.16,0.16],"y":[1,1,1]},"o":{"x":[0.84,0.84,0.84],"y":[0,0,0]},"t":45,"s":[0,0,100]},{"t":60,"s":[100,100,100]}],"ix":6}},"ao":0,"shapes":[{"ty":"gr","it":[{"ind":0,"ty":"sh","ix":1,"ks":{"a":0,"k":{"i":[[0.51,0.51],[6.41,-6.4],[-0.51,-0.5],[-0.5,0.5],[-5.41,-5.41],[-0.33,0],[-0.25,0.25]],"o":[[-6.41,-6.4],[-0.51,0.5],[0.5,0.5],[5.41,-5.41],[0.25,0.25],[0.33,0],[0.51,-0.5]],"v":[[11.62,1.299],[-11.62,1.299],[-11.62,3.119],[-9.81,3.119],[9.81,3.119],[10.72,3.499],[11.62,3.119]],"c":true},"ix":2},"nm":"è·¯å¾ 1","mn":"ADBE Vector Shape - Group","hd":false},{"ty":"fl","c":{"a":0,"k":[0.278430998325,0.686275005341,0.909803986549,1],"ix":4},"o":{"a":0,"k":100,"ix":5},"r":1,"bm":0,"nm":"å¡«å 1","mn":"ADBE Vector Graphic - Fill","hd":false},{"ty":"tr","p":{"a":0,"k":[0,0],"ix":2},"a":{"a":0,"k":[0,0],"ix":1},"s":{"a":0,"k":[300,300],"ix":3},"r":{"a":0,"k":0,"ix":6},"o":{"a":0,"k":100,"ix":7},"sk":{"a":0,"k":0,"ix":4},"sa":{"a":0,"k":0,"ix":5},"nm":"åæ¢"}],"nm":"wifi_signal1_4","np":2,"cix":2,"bm":0,"ix":1,"mn":"ADBE Vector Group","hd":false}],"ip":0,"op":60,"st":0,"bm":0}],"markers":[]}