{
  "project_info": {
    "project_number": "711982332518",
    "project_id": "fir-3-f9ae7",
    "storage_bucket": "fir-3-f9ae7.firebasestorage.app"
  },
  "client": [
    {
      "client_info": {
        "mobilesdk_app_id": "1:711982332518:android:db77b77609fcbbdda60ba7",
        "android_client_info": {
          "package_name": "com.example.firebase_lesson"
        }
      },
      "oauth_client": [],
      "api_key": [
        {
          "current_key": "AIzaSyA7R_CGcnISudofhPogne2imIbZlFoeEuA"
        }
      ],
      "services": {
        "appinvite_service": {
          "other_platform_oauth_client": []
        }
      }
    }
  ],
  "configuration_version": "1"
}